﻿TipoDocProveedor;NumDocumentoProveedor;Nombre Proveedor;TipoProveedor
CC;3377913;JORGE ANDRES VERA BENJUMEA;22
CC;4813758;JAMILTON MARTINEZ LEMOS;22
CC;4978818;JEINNER JOSE FERNANDEZ GOMEZ;22
CC;10016163;CARLOS ARTURO HOYOS URRUTIA;22
CC;11706923;ANDERSON MOSQUERA MORENO;22
CC;11707044;EDUARDO ENRIQUE MENDOZA COPETE;22
CC;11800150;NILSON ANTONIO HINESTROZA CORDOBA;22
CC;11806177;JHON WILBER JIMENEZ ASPRILLA;22
CC;11807340;EDDYPALACIOSANGEL;22
CC;11808222;LUIS ERASMO LEZCANO CORDOBA;22
CC;11812152;JUAN EVARISTO PALACIOS PALACIOS;22
CC;11814280;NEIDER SALAS PRADA;22
CC;11814892;CESAR RAMIRO MEDRANO SANJUR;22
CC;12002199;HEILER MARTINEZ PEREA;22
CC;12021262;EMERBUENANOSVALENCIA;22
CC;12021769;ELIDER PEREA CHAVERRA;22
CC;17858555;Raul Garcia Castillo;22
CC;17902471;EDILBERTO RAFAEL FUENTES MEDINA;22
CC;17955672;HUGO DANIEL FREYLE MANJARRES;22
CC;17974249;EDUARDO ENRIQUE GUTIERREZ SUAREZ;22
CC;17976996;MANUEL EDUARDO POLO SILVA;22
CC;19193133;SERVICIOS ESPECIALES DEL CHOCO SECH;22
CC;22504331;YULIZA YENCINY JIMENEZ ASPRILLA;22
CC;25618903;DIANA YISELA REYES MINA;22
CC;26260483;JERLENIS PALACIOS MOSQUERA;22
CC;26261683;LUZ VIVIANA FERRER PALACIOS;22
CC;26274465;PAPELERIA ECONOMICA;22
CC;26274504;OMAIRA PATRICIA MURILLO RAMIREZ;22
CC;26274778;Katherine Asprilla Moreno;22
CC;26330709;eduvigis mosquera renteria;22
CC;26374479;MARTHA MILENA FLOREZ SALAS;22
CC;26995840;BETTY CECILIA ORDONEZ SOLANO;22
CC;32242071;LORENA PATRICIA CUESTA BEJARANO;22
CC;32612041;LORENA PATRICIA PICHON MEJIA;22
CC;32781739;ADELA DEL CARMEN JIMENEZ TEJADA;22
CC;34882510;LEDY LUZ LOPEZ MELENDEZ;22
CC;35546959;YURLENYS PALACIOS DUQUE;22
CC;35547030;Dolly Esther parra mosquera;22
CC;35570161;LADY IRENE MENA PALACIOS;22
CC;35589388;MARIA DEL C MOSQUERA;22
CC;35600882;CLAUDIA ELENA BECHARA MOSQUERA;22
CC;35604895;SANDRA MILENA VELASQUEZ PALACIOS;22
CC;35696100;Sandra Patricia Mosquera Quinto;22
CC;35851888;BELLA LIS MOSQUERA MOSQUERA;22
CC;35890764;LUZ DARY GARCIA CHAVERRA;22
CC;35891940;DEIVIS YUSETH;22
CC;35895627;HEIDY VALENCIA VIAFARA;22
CC;35896526;DOMITILA CUESTA CUESTA;22
CC;35896866;sirley allin guardia;22
CC;35897521;YAMERLY PAOLA SALCEDO BILANDRES;22
CC;35897659;EDILSA FIGUEROA MENA;22
CC;35898322;CELENIS MORENO RODRIGUEZ;22
CC;36667682;MADELEINE FLOREZ SUAREZ;22
CC;40791763;MAGALI PALACIO ORTIZ;22
CC;40847450;GLORIA OROZCO POSADA;22
CC;40847463;Yudeth Yarima Gomez Ipuana;22
CC;40881049;Diosyely Gonzi¡lez Iguaran;22
CC;40881493;NIYIRETH MEDINA QUINTERO;22
CC;40916742;ROSMERY RIVADENEIRA ROMERO;22
CC;40918360;ANA LUZ GOMEZ BERMUDEZ;22
CC;40919550;SILKY CUAN CAMARGO;22
CC;40919614;MARGARITA CECILIA OCHOA MENDOZA;22
CC;40921039;YMDO;22
CC;40923817;YESELIS FONSECA MUNIZ;22
CC;40925119;ZULEIKA;22
CC;40926414;karen yelitza iguaran campo;22
CC;40927345;SANDRA MILENA CHOLES RODRIGUEZ;22
CC;40927903;VISETH PEREZ SALAS;22
CC;40928272;Kendra Yalile Salas Gomez;22
CC;40930299;TATIANA BARROS PINEDO;22
CC;40931995;NORYS CECILIA ANGULO CERVANTES;22
CC;40932290;KATIANA PAOLA SERRANO OCHOA;22
CC;40936386;RITA;22
CC;40936752;ENA ROSA PIMIENTA GOMEZ;22
CC;40938349;ZOLLIANNE JOANNE ZIMMERMANN FUENTES;22
CC;40939164;BLANCA ESTHER REDONDO CHOLES;22
CC;40939837;yairina maite pinto magdanie;22
CC;40942246;YEIMIS CAROLINA UCROS QUINTERO;22
CC;40943243;LILIANA PATRICIA ROYET BELENO;22
CC;40944618;IVIANNA ZARAY HERNANDEZ ROJAS;22
CC;40977539;ELIZABETH CUESTA MARMOL;22
CC;42404890;EMILIS LINAN MURGAS;22
CC;42799040;Mirna cuesta escobar;22
CC;52152098;NINFA MARGARITA RODRIGUEZ ROIS;22
CC;52219058;EDILMA PANESSO MENA;22
CC;52702934;KAREN LOREN CASTILLO BORJA;22
CC;53015170;CARMEN PAOLA ARENAS CAICEDO;22
CC;54252537;MARTHA ELENA MENA ROVIRA;22
CC;54254360;MAGALY ARRIAGA GARRIDO;22
CC;54255291;mabilia del carmen cuesta leguizamo;22
CC;54256108;JULIA MARGARITA PALACIOS CASAS;22
CC;54257707;johana valois valois;22
CC;54259405;RENNY CECILIA RAMIREZ TERAN;22
CC;55224237;ESTHER SOFIA VALENCIA MATURANA;22
CC;56075596;yarima patricia guerra calderon;22
CC;56087496;BRIDETH ANGELICA MEDINA BARRIOS;22
CC;56100243;MEREDITH LEANIS PABON AMAYA;22
CC;56104110;YARITZA RODRIGUEZ ARREDONDO;22
CC;56104570;JULIA JOHANA LASTRA PIMIENTA;22
CC;57429005;Yulitza Beatriz Garcia Castillo;22
CC;57444547;INDIRA MARIA RIVA STONCEL;22
CC;70694311;NOVEDADES LUGUI;22
CC;73126075;Edinson Pinto Daza;22
CC;73215993;EDGAR JOSE SALAMANCA REDONDO;22
CC;73429771;ALBERTO LUIS BARRIOS MERCADO;22
CC;79753058;JHON JAIRO MOSQUERA MOSQUERA;22
CC;84033065;LUIS ANTONIO PEREZ MEDINA;22
CC;84079716;FERREELECTRICO DE LA COSTA;22
CC;84083866;JECKSON RAFAEL ARISMENDY MARTINEZ;22
CC;84085111;Jaime Luis;22
CC;84087903;WILFRIDO ANTONIO PINTO MOSCOTE;22
CC;84088603;arnulfo  rafael ballesteros barrios;22
CC;84089994;YOILER CASTILLA CUISMAN;22
CC;84090068;AMILCAR II CURVELO CELEDON;22
CC;84092066;ROCM;22
CC;84095409;CRISTHIAN DAVID BECERRA FLOREZ;22
CC;84095671;HAMILTON JUNIOR FUENMAYOR PINTO;22
CC;84096176;RUBEN CURIEL TORRES;22
CC;84096502;WILLIAM;22
CC;1001846176;LUZ NEYDA RENTERIA MOSQUERA;22
CC;1003788158;MICHELL DAREIVY RAMIREZ POLO;22
CC;1003891510;MARIA ANGELICA  VALENCIA LOZANO;22
CC;1006186494;WUENDY MICHELL SUAREZ MARIN;22
CC;1006614574;DIANA SOFIA MELO GOMEZ;22
CC;1006618205;nicole gonzalez;22
CC;1006727158;AURA BENJUMEA QUINTANA;22
CC;1006746524;SHEILY URREGO CAMBAR;22
CC;1010081492;MARIA VICTORIA ALBORNOZ MORENO;22
CC;1010097432;jose rafael nieves pana;22
CC;1010138990;DAICY YILENIS MOSQUERA MOSQUERA;22
CC;1017135430;GISSEL FERRER MOSQUERA;22
CC;1017212191;Angel Andrades Asprilla;22
CC;1017266335;MARA LISETH CUESTA;22
CC;1019089603;HEYNE DAVID GOMEZ ARTETA;22
CC;1020431171;NATALIE GISELLE GONZALEZ CORREDOR;22
CC;1020473058;MELISSA ANDREA CORDOBA RAGA;22
CC;1026154922;YUDY ANDREA REALES SALAS;22
CC;1032446169;jose rafael brochero lopesierra;22
CC;1038813530;YAMILETHMOSQUERASAUCEDO;22
CC;1040371375;CRUZ EDILMA INSEL LEZCANO;22
CC;1040380342;YULIETH VANESSA SALDARRIAGA MOSQUERA;22
CC;1042733802;ANNY YINETH MENA PEREA;22
CC;1047340821;Daniela De la hoz Silva;22
CC;1047409264;SUGEIS PADILLA BARRIOS;22
CC;1047467621;EDWIN ESNEYDER CASTRO TORRES;22
CC;1065614796;YARLIN TAINA ONATE HERNANDEZ;22
CC;1065840222;YAILEEN MUNOZ;22
CC;1075092152;MARTHA OSIRIS MARTINEZ MENA;22
CC;1076324207;YAISON ARMANDO TAMAYO MOSQUERA;22
CC;1076331131;KELY JOANA MOSQUERA MURILLO;22
CC;1076334551;ENNY JHOANA HINESTROZA VALOYES;22
CC;1077420216;DIANA YICELEN GUTIERREZ IBARGUEN;22
CC;1077420880;ZORANY MENA ESCOBAR;22
CC;1077424252;MARICELA TRUJILLO PALACIOS;22
CC;1077424727;LEIDY CARMENZA DORRONSORO MENDOZA;22
CC;1077425477;CARMEN NELLYS VARGAS LONGA;22
CC;1077426522;MARCELA MENA MENA;22
CC;1077427416;ROSIRYS RIVAS BECERRA;22
CC;1077428868;KEVIN ANTONIO MURILLO MORENO;22
CC;1077430840;jhonatan copete moreno;22
CC;1077431677;CLAUDIA YINETH CIFUENTES GARCIA;22
CC;1077433511;ANA LUISA MARTINEZ ANDRADE;22
CC;1077438952;Dayana Palacios Bejarano;22
CC;1077439558;JENCY LORENA GONZALEZ CUESTA;22
CC;1077440156;CONNY YOHANA PALMA ABADIA;22
CC;1077441095;CLEITON YAIR PEREA PINO;22
CC;1077441613;HERVIN JHON SALGUERO SANTOS;22
CC;1077442000;FAIVER ANDRES GONZALEZ ROMANA;22
CC;1077442558;Gabriela areiza lozano;22
CC;1077442844;Henry Cordoba Ortiz;22
CC;1077443074;julian alberto mosquera;22
CC;1077449051;Sergia Steffany Abril Valdes;22
CC;1077450260;achsli kathelli moreno valoyes;22
CC;1077453755;CLAUDIA MARCELA MACHADO MORENO;22
CC;1077461425;Yaris Cordoba Valoyes;22
CC;1077461624;YINNE YULIANA RENGIFO MORENO;22
CC;1077467520;saly katerine valencia matallana;22
CC;1077469885;YENCY YULIE HINESTROZA ROMANA;22
CC;1077472356;YURMOSRO;22
CC;1077474170;ANYELA MARITZA ROBLEDO MOSQUERA;22
CC;1077474723;Ronal Alfredo Murillo Abadia;22
CC;1077475485;DAILY JHULISSA CSTRO MOSQUERA;22
CC;1077476539;Benny Lucia Valoyes Renteria;22
CC;1077478942;YALEXA VALOYES CUESTA;22
CC;1077480952;EVELYN VILLALOBO PARRA;22
CC;1082842659;JOSE JOSE RINCON PUCHE;22
CC;1085034380;JAIRSIHNO RODRIGUEZ CANTILLO;22
CC;1094241069;sara iguaran;22
CC;1118801628;MERCY;22
CC;1118807189;GIOVANNA DEL CARMEN ROSADO ATENCIO;22
CC;1118807491;ELSY DE LA CRUZ;22
CC;1118812325;ELAISER ANTONIO MINDIOLA;22
CC;1118817982;NAYLITH CAROLINA REDONDO MOSCOTE;22
CC;1118818345;QUINTIA DEL CARMEN GARCIA RINCON;22
CC;1118818831;KEILLEN GICELL URECHE RODRIGUEZ;22
CC;1118821066;FRANCISCO JAVIER MENDOZA VALENAZUELA;22
CC;1118821388;JULIETH PAOLA MARIN VALENCIA;22
CC;1118821504;EURIPIDES VIDAL EFFER;22
CC;1118822262;Mari­a Jose Toro Pimienta;22
CC;1118822402;DANTE DE JESUS RIVADENEIRA MARTINEZ;22
CC;1118822680;emilce paola fernandez gomez;22
CC;1118824678;KADRY MAURELIS SUAREZ MATEHUS;22
CC;1118825029;ZARETH CAROLINA CELEDON CASTRO;22
CC;1118828655;LINDA JANETH MEJIA SUAREZ;22
CC;1118830929;CRISTINA PAOLA COTES TORO;22
CC;1118833947;Melisa Miletzy Lascarro Gomez;22
CC;1118834903;IINDIRA PAOLA FREYLE FUENMAYOR;22
CC;1118835885;INSTITUTO COLOMBIANO DE BIENESTAR FAMILIAR;22
CC;1118839701;LUIS VICENTE IGUARAN LOAIZA;22
CC;1118845051;KAREN PAOLA MEDINA DE AVILA;22
CC;1118853808;BORIS ALBERTO CALDERON BARRANCO;22
CC;1118863327;Laura Vanessa Perez Vega;22
CC;1118866426;LOURDES SOFIA TORO HERRERA;22
CC;1118867527;CARMEN KARINA MANOTAS IBARRA;22
CC;1118871553;INGRID LEONOR REDONDO NOCHES;22
CC;1120573416;noris norleydi mena mena;22
CC;1120739219;JULIANA FUENTES FRAGOZO;22
CC;1120740611;Eudes Toncel Rosado;22
CC;1121042455;MARIA DEL CARMEN PALLARES;22
CC;1121306138;Andres Felipe Arismendy Castilla;22
CC;1121328509;EMILIA ESTHER ESMERAL JIMENEZ;22
CC;1121338772;NATALY PAOLA  PALACIO CHURIO;22
CC;1122397209;JAMERSON ENRIQUE MINDIOLA MOLINA;22
CC;1122400530;CARLOS ANDRES DAZA GUERRA;22
CC;1122417655;NATHALY SOFIA AMAYA PLATA;22
CC;1122818927;REDONDO RUDAS;22
CC;1123730000;MARLIN ALFONSO SALINAS ARMENTA;22
CC;1124020863;WILKIN SMITH FERRER MARTINEZ;22
CC;1124050988;LINA MARIA LINDAO MAGDANIEL;22
CC;1124077439;SAUDYS SUSANA PULIDO MARIN;22
CC;1124362194;SHEIKEL YULITZE MEZA BARLIZA;22
CC;1124362425;GLORIA BARLIZA URIANA;22
CC;1124402835;ESLI JOANNA PACHECO URDANETA;22
CC;1124405839;Sharon Yorellis Mariotta padilla;22
CC;1124494070;LEIDY JOANA VANEGAS IPUANA;22
CC;1124505275;GINILIBETH FERNANDEZ GONZALEZ;22
CC;1129566248;MALKA IRINA VIVAS BERRIO;22
CC;1133719185;ALVARO ENRIQUE PALACIOS LOZANO;22
CC;1143141264;JULIETH MARCHENA;22
CC;1143368023;CAROLINA ROSA;22
CC;1143406493;juan andres saavedra cordoba;22
CC;1143463909;Cristian Camilo Ayala Sanchez;22
CC;1143853899;BERTA ELVIRA  AVILA MARTINEZ;22
CC;1148143754;Juan Carlos Mendoza Jiemenez;22
CC;1152436536;YADI LORENA BEJARANO CORDOBA;22
CC;1152455955;Michell Cuesta;22
CC;1193526163;kiara yojani perea gonzales;22
CC;1234096800;8999992392;22
CC;1234096802;MARIA PAULA VARGAS MARTINEZ;22
NIT;77193736;EXTINGUIDORES EL INDUSTRIAL;11
NIT;265877784;UNION TEMPORAL MULIASHI WAYA;11
NIT;800218607;CORPORACION DESARROLLO SOCIAL JAIME URQUIJO BARRIOS;11
NIT;800230838;FUNDACION RENACER;11
NIT;802010646;FUNDACION PACTOS;11
NIT;802011827;FUNPROYEC;11
NIT;805020621;ONG CRECER EN FAMILIA;11
NIT;806005124;FUNDACION SOCIAL LOS ANGELES;11
NIT;806008896;CORPORACION MULTIACTIVA REVIVE TU ESPERANZA;11
NIT;806009011;FUNDACIONMI ABUELO Y YO;11
NIT;806011246;FUNDACION TALID;11
NIT;806016277;FUNDACION RESTAURAR;11
NIT;812007839;COOPERATIVA DE PROFESIONALES AL SERVICIO DE LA NINEZ Y LA  FAMILIA;11
NIT;816003063;CONFECCIONES CREAR SAS;11
NIT;818000016;ASOCIACION DE HOGARES DE BIENESTAR VIRO VIRO;11
NIT;818000468;INSTITUCCION EDUCATIVA RAMON LOZANO GARCES;11
NIT;818000937;PARROQUIA SAN FRANCISCO DE ASIS;11
NIT;818001250;ASOCIACION ECOTERNURA DE COLOMBIA;11
NIT;818001281;Corporacion Choco Joven;11
NIT;818001995;TRASOPAZ;11
NIT;818002076;CORPASOFA;11
NIT;818002136;CORPORACION PARA LA FORMACION DIVULGACION Y EDUCACION EN LA FE;11
NIT;819004376;FUNPROVIDA;11
NIT;819005279;RESGUARDO KOGUI MALAYO ARHUACO;11
NIT;819005392;CORPORACION MONTE DEL SINAI;11
NIT;823003023;FUNDACION NINOS DE PAZ FUNIPAZ;11
NIT;824002211;ASOCIACION POPULAR DE MUJERES DEL CESAR;11
NIT;824002766;ORGANIZACION WIWA YUGUMAIUN BUNKUANARRUA TAYRONA;11
NIT;825000331;Asociacion de Autoridades Tradicionales Wayuu Alewashi;11
NIT;825000680;ASOCIACION DE AUTORIDADES TRADICIONALES WAYUU PEKIJIRRAWA DE LA ZONA PESUAPA;11
NIT;825001158;Fundacion Pro San Juan;11
NIT;825001191;ASOCIACION DE AUTORIDADES TRADICIONALES MAREIWAYUUGUAMA DE LA ZONA CERRO DE TETA;11
NIT;825001520;FUNDACION AMIGOS PARA UN MEJOR FUTURO;11
NIT;825001561;FUNDACION DESTELLOS DE LUZ;11
NIT;825001802;ASOCIACION CABILDO INDIGENA RESGAURDO WAYUU DE MAYABANGLOMA;11
NIT;825001808;FUNDACION SONANDO POR UNA ESPERANZA;11
NIT;825001822;CORPORACION PARA LA ATENCION INTEGRAL DE MENORES DE  COLOMBIA;11
NIT;825002002;ASOCIACION DE AUTORIDADES TRADICIONALES TALAPTAJIRAWA DE PORTETE;11
NIT;825002112;FUNDACION GUAJIRA NACIENTE;11
NIT;825002350;Fundacion Manos Unidas Construyendo Pai­s;11
NIT;825002721;Organizacion de servicio social alianza comunitaria;11
NIT;825002862;Asociacion de Autoridades Tradicionales Wayuu EJEPENAJIRRAWA;11
NIT;830506297;FUNDACION PiˆRTENENCIA;11
NIT;839000692;FUNDACION REVIVIR POR LA VIDA;11
NIT;860071169;FUNDACION SOLIDARIDAD POR COLOMBIA;11
NIT;890200928;COOPERATIVA SANTANDEREANA DE TRANSPORTADORES LTDA;11
NIT;890980493;CONGREGACION MADRES DE DESAMPARADOS Y SAN JOSE DE LA MONTANA;11
NIT;891680247;ASOCIACION DE PADRES DE FAMILIA Y VECINOS DEL CAIP CARMEN DE ATRATO;11
NIT;892115242;ASOCIACION DE PADRES DEL HOGAR INFANTIL DE MAICAO;11
NIT;892115282;ORGANIZACION INDIGENA DE LA GUAJIRA YANAMA;11
NIT;900001876;FUNDACION FEI FAMILIA ENTORNO INDIVIDUO;11
NIT;900005961;FUNDACION CASA HOGAR NUESTRO SUENOS BARRIO REPOSO;11
NIT;900011782;FUNDACION PARA EL DESARROLLO INTEGRAL SOSTENIBLE ENERGIA VITAL;11
NIT;900034146;FUNDACION ITAKA;11
NIT;900043315;FUNDACION SOCIAL DE LA COSTA CARIBE;11
NIT;900060282;ASOCIACION DE CABILDOS INDIGENAS EMBERA WOUNAAN KATIO CHAMI Y TULE DEL DESPARTAMENTO DE CHOCO OREWA;11
NIT;900064149;ASOCIACION DE PADRES DE FAMILIA DEL HOGAR INFANTIL GENITH LUQUE;11
NIT;900067105;NU3;11
NIT;900088061;ASOCIACION MEGA SALUD;11
NIT;900106213;FUNDACION PROGRESAR PARA UN MEJOR VIVIR;11
NIT;900119880;CORPORACION MUNDO AZUL;11
NIT;900123224;ASOCIACION MUTUAL AVANZAR;11
NIT;900125247;FUPROCHO;11
NIT;900126291;FUNDACION JARDINES LUMINOSOS;11
NIT;900149058;FUNDACIONAIRES DEL CARIBE;11
NIT;900153698;CORPORACION ABRAHAN LINCOLN;11
NIT;900180035;FUNDACION WALEKERU;11
NIT;900182031;FUNDACION TALATAA;11
NIT;900192362;FOMBISOL;11
NIT;900192975;ASOCIACION DE PADRES DE FAMILIA HOBI CHIQUICHOQUI;11
NIT;900197464;ASOCIACION INDIGENA ACHIJIRRAWA;11
NIT;900206637;CORPORACION NUEVA ALTERNATIVA DE EDUCACION;11
NIT;900221108;ASOCIACION DEPARTAMENTAL DE COMUNIDADES NEGRAS RESIDENTE EN LA GUAJIRA LUIS ANTONIO EL NEGRO ROBLES;11
NIT;900224737;CLINE VM LTDA;11
NIT;900228413;SERVICIOS SUMINISTROS Y TECNOLOGIAS SAS;11
NIT;900231743;FUNDACIONCHOCO SOCIAL;11
NIT;900234324;ASOCIACION DE JOVENES INDIGENAS WAYUU;11
NIT;900237050;FUNDACIONESPERANZA VIVA;11
NIT;900237534;FUNDACION JOVENES TRABAJANDO POR EL BIENESTAR DEL DARIEN;11
NIT;900252699;FUNDACIONSERRANIA COLOMBIA;11
NIT;900262636;FUNDACION HORIZONTE BLANCO FUHOBLA;11
NIT;900263804;ASOCIACION TEJIENDO FUTURO UIN WAKUAIPA;11
NIT;900307989;FUNDACION NACIONAL EN SERVICIOS DE INVERCION SOCIAL;11
NIT;900319409;ORGANIZACION INDIGENA  WAYU JUYE;11
NIT;900321475;CONSEJO REGIONAL INDIGENA DEL CHOCO;11
NIT;900326335;Fundacion Amor y Vida por el Choco;11
NIT;900384924;FUNDACIONDE SERVICIO SOCIAL;11
NIT;900389073;FUNDACION OXIGENO;11
NIT;900405117;ASOCIACION DE AUTORIDADES TRADICIONALES APALANCHI;11
NIT;900414120;FUNDACION SOCIAL Y CULTURAL AGROAMBIENTE;11
NIT;900437715;fundacion rosa iguaran;11
NIT;900438587;FUNSAMO;11
NIT;900453971;CORPORACION INTERNACION PARA DESARROLLO SOCIAL Y EMPRESARIAL;11
NIT;900480271;corporacion baobad;11
NIT;900503160;FUNDESOGLOBAL;11
NIT;900503974;Asociacion Agro Impulso del Choco;11
NIT;900527749;ASOCIACION DE AUTORIDADES TRADICIONALES INDIGENAS WAYUU KOUTTIRRASHI WUAYA DE MEDIA LUNA;11
NIT;900548374;FUNDACION NINEZ Y ADOLESCENCIA;11
NIT;900575552;ASOCIACION DE AUTORIDADES TRADICIONALES INDIGENAS WAYUU WEINU  UN WAKUAIPA;11
NIT;900601770;ASOCIACION DE AUTORIDADES TRADICIONALES INDIGENAS APUSHI;11
NIT;900618333;FUNDACION AKALIJA;11
NIT;900621505;FUNDACION ESPERANZA AMOR Y VIDA;11
NIT;900642109;CENTRO FONOAUDIOLOGICO DAMA;11
NIT;900647346;ASOCIACION DE JOVENES PROGRESISTAS DEL CHOCO;11
NIT;900666427;FUNDACION PARA EL DESARROLLO SOCIAL Y AGROAMBIENTAL DEL CHOCO;11
NIT;900685434;FUNDACION DE EMPRENDEDORES CONSTRUYENDO FUTURO;11
NIT;900687397;ASOCIACION DE AUTORIDADES TRADICIONALES INDIGENAS WAYUU SAINMAA WAYUU;11
NIT;900692881;ASOCIACION DE JOVENES PROPONENTES DE CAMBIO PARA EL  CHOCO;11
NIT;900696442;Asociacion Agro Porvenir del Pacifico;11
NIT;900697191;ASOCIACION CAMPO ACTIVOS DEL CHOCO;11
NIT;900702875;ASOCIACION ARTE Y JOYA;11
NIT;900722119;ORGANIZACION INDIGENA ANOUJUA NUMUIN MALEIWA;11
NIT;900728201;Consejo Comunitario Mayor de Casimiro;11
NIT;900729441;AJOLAC;11
NIT;900762018;FUNDACION YOYITOS DE AMOR;11
NIT;900779447;ASOCIACION DE AUTORIDADES TRADICIONALES INDIGENAS WAYUU POTOROMANA;11
NIT;900795746;GOLDEN SERVICES OUTSOURCING SAS;11
NIT;900817924;ATENCION MEDICALIZADA INTEGRAL;11
NIT;900835300;CORPORACION MI NUEVO SOL;11
NIT;900855789;Fundacion Hefzibi¡ Guajira;11
NIT;900927112;FUNDACION ALMAS CORALINAS;11
NIT;900931167;corporacion indigena de la guajira;11
NIT;900937890;Fundapazcificovvive;11
NIT;900940765;SOLUCIONES INTEGRALES AVANZADAS;11
NIT;900941042;FUNDACIONSOMOS FUTURO SOCIAL;11
NIT;900942256;ASOCIACION DE AUTORIDADES TRADICIONALES INDIGENAS KOTTUSHIWAYAA;11
NIT;900943875;FUNDACION COLOMBIANA CON SEGURIDAD ALIMENTARIA Y NUTRICIONAL;11
NIT;900973379;FUNDACION AFROCOLOMBIANA SEMILLA NACIENTE PARA EL DESARROLLO INTEGRAL;11
NIT;900973534;Asociacion de Autoridades Tradicionales Sutsuin Wayuu;11
NIT;901017199;Asociacion de Padres Usuarios de los Hogares Comunitarios de Bienestar y Madres Comunitarias de Maicao sector rural;11
NIT;901017426;Asociacion de madres comunitarias y padres usuarios de hcb de maicao;11
NIT;901028138;FUNDACION SOCIAL ANESU WAKUAIPA;11
NIT;901086083;FUNDACIONCREER INICIATIVA DESARROLLO Y ESPERANZA;11
NIT;901087245;FUNDACIONPARA EL PROGRESO Y LA PAZ DEL PACIFICO;11
NIT;901089607;FUNDACIONVISION TRANSFORMADORA;11
NIT;901152586;FUNDACIONTALENTOS DEL PACIFICO;11
NIT;901167878;MUNDO DISTRIBUCIONES MD;11
NIT;901170934;MUNDO SOLUCIONES MIA SAS;11
NIT;901193971;DIAGNOSTICENTRO AMISTAD SAS;11
NIT;901267015;DIstribuidora Ballenas SAS;11
NIT;901322692;FUNDACION EQUIDAD Y EMPRENDIMIENTO;11
NIT;901332708;MI HOLDINGS SAS;11
NIT;901333519;FUNDACION MILAGROS DE AMOR PARA EL DESARROLLO DE PROGRAMAS SOCIALES COMUNITARIOS EDUCACION INICIAL N;11
NIT;901334705;FUNDACION NAPULA TEPICHI;11
NIT;901345889;FUNDACION ESPIRITU PARA EL PACIFICO;11
NIT;901363716;ASOCIACION DE RAICES AFROCOLOMBIANAS;11
NIT;901381158;FUSOPA;11
NIT;901426180;ORGANIZACION INDIGENA WAYUU AWARALA WUANJUIN WUACUAIPA PANSAWUAA LUESMAJ;11
NIT;901495046;FUNDACION PROYECTANDO FUTUROS CON VALORES;11
NIT;901550698;UNION TEMPORAL POR LA SONRISA DE UN NINO;11
NIT;901677558;UT ASOCIACION DE AUTORIDADES INDIGENAS DEL MUNICIPIO DE LLORO CON SENTIDO DE PERTENENCIA;11
NIT;901677954;UNION TEMPORAL ANCOSO CATRU Y DUBASA;11
NIT;901678542;UNION TEMPORAL GOBIERNO ANCESTRAL Y CORPAZDS;11
NIT;901685374;almacen y taller la b sas;11
NIT;1000000001;UNION TEMPORAL FULVER;11
NIT;8090087901;FUNDACIONTRANSFROMANDO VIDAS Y REALIDADES;11
NIT;8180022160;ASOCIACION INTERDISCIPLINARIA DE PROFESIONALES;11
NIT;8190050645;Fundacion Fundalianza;11
NIT;8250011719;ORGANIZACION JUVENIL JUCAPROY;11
NIT;8250015173;FUNDACION PARA LA EDUCACION Y DESARROLLO SOCIAL;11
NIT;8250015997;FUNDACION SOCIAL PARA EL DESARROLLO INDIGENISTA TIERRA DE INDIOS;11
NIT;8250018723;FUNDACION PARA EL DESARROLLO SOCIAL Y COMUNITARIO DE LA GUAJIRA;11
NIT;8250024005;FUNDACION INTEGRAR;11
NIT;8390004727;FUNDACION CUMPLIENDO TUS SUENOS FUCUSU;11
NIT;8390005401;CENTRO DE ATENCION PARA EL DESARROLLO COMUNITARIO;11
NIT;9000018891;ORGANIZACION INDIGENA APATIRRAWA;11
NIT;9000085500;ASOCIACION  DE AUTORIDAD TRADICIONALES WAYUU JUYASIRAIN DEL MUNICIPIO DE URIBIA;11
NIT;9000247693;ORGANIZACION WAYUUMUNSURATMUJERES TEJIENDO PAZ;11
NIT;9001358555;FUNDACIONPROGRESO Y DESARROLLO PARA TODOS;11
NIT;9001375171;FUNDACION SUPULA ANAIN WAYUU;11
NIT;9001917627;asociacion de madres comunitarias de bienestar familiar riosucio n1;11
NIT;9001983300;FUNDACION COTTIRRAWA;11
NIT;9002192257;fundacion para el desarrollo sostenible de los pueblos;11
NIT;9002713445;FUNDACION ABRE TU CORAZON;11
NIT;9003014776;fundacion humanitaria camino verde;11
NIT;9005077389;ORGANIZACION WIWA GOLKUSHE TAYRONA;11
NIT;9005862489;ASOCIACION CONSEJO DE AUTORIDADES DEL PUEBLO WOUNAAN;11
NIT;9005923102;PUBLIKSALUD SAS;11
NIT;9005954587;MI CASA Y SUMINISTROS SOCIEDAD POR ACCIONES SIMPLIFICADA;11
NIT;9005976661;CORPORACION EQUIDAD PAZ Y DESARROLLO SOCIAL;11
NIT;9006091159;Corporacion Magia y Desafi­o  CORPOMADES;11
NIT;9006924457;ASOCIACION EL BIENESTAR EN TUS MANOS;11
NIT;9007227706;ASOCIACION DE PESCADORES ARTESANALES DE BOJAYA;11
NIT;9007597530;consejo comunitario los palenques de juan y medio;11
NIT;9007689528;FUNDACION UNIDOS POR UN PROPOSITO;11
NIT;9009491100;FUNDACION CLAMOR POR LA VIDA;11
NIT;9011962765;ASOCIACION DE MADRES COMUNITARIAS MUJERES LUCHADORAS JEIYUU AYUUTATNU;11
NIT;9012387127;FUNDACION BASTIDAS;11
NIT;9012405736;FUNMISODES;11
NIT;9016787346;UTE INTERCULTURALBAGADO;11
